EMSR,AOI,folderType,folderPath,activationDate,suggested_startDate,suggested_endDate
EMSR207,AOI01,optimal,dataOptimal/,2017-06-20T00:00:00.000,2017-06-20T10:00:00Z,2017-07-20T10:00:00Z
EMSR209,AOI01,optimal,dataOptimal/,2017-06-27T00:00:00.000,2017-06-27T10:00:00Z,2017-07-27T10:00:00Z
EMSR210,AOI01,optimal,dataOptimal/,2017-07-08T00:00:00.000,2017-07-08T10:00:00Z,2017-08-08T10:00:00Z
EMSR211,AOI01,optimal,dataOptimal/,2017-07-08T00:00:00.000,2017-07-08T10:00:00Z,2017-08-08T10:00:00Z
EMSR213,AOI01,optimal,dataOptimal/,2017-07-14T00:00:00.000,2017-07-14T10:00:00Z,2017-08-14T10:00:00Z
EMSR213,AOI02,optimal,dataOptimal/,2017-07-18T00:00:00.000,2017-07-18T10:00:00Z,2017-08-18T10:00:00Z
EMSR213,AOI04,optimal,dataOptimal/,2017-07-18T00:00:00.000,2017-07-18T10:00:00Z,2017-08-18T10:00:00Z
EMSR213,AOI05,optimal,dataOptimal/,2017-07-17T00:00:00.000,2017-07-17T10:00:00Z,2017-08-17T10:00:00Z
EMSR213,AOI06,optimal,dataOptimal/,2017-07-18T00:00:00.000,2017-07-18T10:00:00Z,2017-08-18T10:00:00Z
EMSR213,AOI07,optimal,dataOptimal/,2017-07-18T00:00:00.000,2017-07-18T10:00:00Z,2017-08-18T10:00:00Z
EMSR213,AOI08,optimal,dataOptimal/,2017-07-19T00:00:00.000,2017-07-19T10:00:00Z,2017-08-19T10:00:00Z
EMSR213,AOI09,optimal,dataOptimal/,2017-07-19T00:00:00.000,2017-07-19T10:00:00Z,2017-08-19T10:00:00Z
EMSR213,AOI10,optimal,dataOptimal/,2017-07-18T00:00:00.000,2017-07-18T10:00:00Z,2017-08-18T10:00:00Z
EMSR213,AOI11,optimal,dataOptimal/,2017-07-18T00:00:00.000,2017-07-18T10:00:00Z,2017-08-18T10:00:00Z
EMSR213,AOI13,optimal,dataOptimal/,2017-07-18T00:00:00.000,2017-07-18T10:00:00Z,2017-08-18T10:00:00Z
EMSR213,AOI14,optimal,dataOptimal/,2017-08-08T00:00:00.000,2017-08-08T10:00:00Z,2017-09-08T10:00:00Z
EMSR213,AOI15,optimal,dataOptimal/,2017-08-08T00:00:00.000,2017-08-08T10:00:00Z,2017-09-08T10:00:00Z
EMSR213,AOI16,optimal,dataOptimal/,2017-08-08T00:00:00.000,2017-08-08T10:00:00Z,2017-09-08T10:00:00Z
EMSR213,AOI17,optimal,dataOptimal/,2017-08-13T00:00:00.000,2017-08-13T10:00:00Z,2017-09-13T10:00:00Z
EMSR213,AOI18,optimal,dataOptimal/,2017-08-30T00:00:00.000,2017-08-30T10:00:00Z,2017-09-29T10:00:00Z
EMSR213,AOI19,optimal,dataOptimal/,2017-08-29T00:00:00.000,2017-08-29T10:00:00Z,2017-09-29T10:00:00Z
EMSR213,AOI20,optimal,dataOptimal/,2017-08-29T00:00:00.000,2017-08-29T10:00:00Z,2017-09-29T10:00:00Z
EMSR213,AOI21,optimal,dataOptimal/,2017-08-29T00:00:00.000,2017-08-29T10:00:00Z,2017-09-29T10:00:00Z
EMSR213,AOI22,optimal,dataOptimal/,2017-08-31T00:00:00.000,2017-08-31T10:00:00Z,2017-09-15T10:00:00Z
EMSR214,AOI01,optimal,dataOptimal/,2017-07-28T00:00:00.000,2017-07-28T10:00:00Z,2017-08-28T10:00:00Z
EMSR214,AOI02,optimal,dataOptimal/,2017-07-28T00:00:00.000,2017-07-28T10:00:00Z,2017-09-25T10:00:00Z
EMSR214,AOI03,optimal,dataOptimal/,2017-07-28T00:00:00.000,2017-07-28T10:00:00Z,2017-08-28T10:00:00Z
EMSR214,AOI05,optimal,dataOptimal/,2017-07-28T00:00:00.000,2017-07-28T10:00:00Z,2017-08-28T10:00:00Z
EMSR214,AOI06,optimal,dataOptimal/,2017-07-28T00:00:00.000,2017-07-28T10:00:00Z,2017-08-28T10:00:00Z
EMSR216,AOI01,optimal,dataOptimal/,2017-08-04T00:00:00.000,2017-08-04T10:00:00Z,2017-09-05T10:00:00Z
EMSR217,AOI01,optimal,dataOptimal/,2017-08-04T00:00:00.000,2017-08-04T10:00:00Z,2017-09-05T10:00:00Z
EMSR217,AOI02,optimal,dataOptimal/,2017-08-04T00:00:00.000,2017-08-04T10:00:00Z,2017-09-05T10:00:00Z
EMSR217,AOI03,optimal,dataOptimal/,2017-08-04T00:00:00.000,2017-08-04T10:00:00Z,2017-09-05T10:00:00Z
EMSR217,AOI04,optimal,dataOptimal/,2017-08-04T00:00:00.000,2017-08-04T10:00:00Z,2017-09-05T10:00:00Z
EMSR218,AOI01,subOptimal_cloudy,dataSuboptimal/cloudy/,2017-08-06T00:00:00.000,2017-08-06T10:00:00Z,2017-09-05T10:00:00Z
EMSR219,AOI01,optimal,dataOptimal/,2017-08-06T00:00:00.000,2017-08-06T10:00:00Z,2017-09-05T10:00:00Z
EMSR220,AOI01,optimal,dataOptimal/,2017-08-06T00:00:00.000,2017-08-06T10:00:00Z,2017-09-05T10:00:00Z
EMSR220,AOI02,optimal,dataOptimal/,2017-08-06T00:00:00.000,2017-08-06T10:00:00Z,2017-09-05T10:00:00Z
EMSR221,AOI01,optimal,dataOptimal/,2017-08-15T00:00:00.000,2017-08-15T10:00:00Z,2017-09-15T10:00:00Z
EMSR227,AOI01,optimal,dataOptimal/,2017-08-22T00:00:00.000,2017-08-22T10:00:00Z,2017-10-01T10:00:00Z
EMSR230,AOI01,optimal,dataOptimal/,2017-08-09T00:00:00.000,2017-08-09T10:00:00Z,2017-09-09T10:00:00Z
EMSR237,AOI01,optimal,dataOptimal/,2017-09-10T00:00:00.000,2017-09-10T10:00:00Z,2017-10-15T10:00:00Z
EMSR239,AOI01,optimal,dataOptimal/,2017-09-12T00:00:00.000,2017-09-12T10:00:00Z,2017-10-12T10:00:00Z
EMSR242,AOI01,optimal,dataOptimal/,2017-09-24T00:00:00.000,2017-09-24T10:00:00Z,2017-10-24T10:00:00Z
EMSR247,AOI01,optimal,dataOptimal/,2017-09-25T00:00:00.000,2017-09-25T10:00:00Z,2017-10-24T10:00:00Z
EMSR248,AOI01,optimal,dataOptimal/,2017-08-08T00:00:00.000,2017-08-08T10:00:00Z,2017-09-08T10:00:00Z
EMSR248,AOI02,optimal,dataOptimal/,2017-09-19T00:00:00.000,2017-09-19T10:00:00Z,2017-10-19T10:00:00Z
EMSR248,AOI03,optimal,dataOptimal/,2017-08-28T00:00:00.000,2017-08-28T10:00:00Z,2017-09-24T10:00:00Z
EMSR248,AOI04,optimal,dataOptimal/,2017-09-04T00:00:00.000,2017-09-04T10:00:00Z,2017-10-04T10:00:00Z
EMSR250,AOI01,optimal,dataOptimal/,2017-10-17T00:00:00.000,2017-10-17T10:00:00Z,2017-11-17T10:00:00Z
EMSR250,AOI02,optimal,dataOptimal/,2017-10-17T00:00:00.000,2017-10-17T10:00:00Z,2017-11-17T10:00:00Z
EMSR250,AOI03,optimal,dataOptimal/,2017-10-24T00:00:00.000,2017-10-24T10:00:00Z,2017-11-24T10:00:00Z
EMSR250,AOI04,optimal,dataOptimal/,2017-10-17T00:00:00.000,2017-10-17T10:00:00Z,2017-11-17T10:00:00Z
EMSR252,AOI01,optimal,dataOptimal/,2017-09-24T00:00:00.000,2017-09-24T10:00:00Z,2017-10-24T10:00:00Z
EMSR253,AOI01,optimal,dataOptimal/,2017-10-30T00:00:00.000,2017-10-30T10:00:00Z,2017-11-30T10:00:00Z
EMSR253,AOI02,optimal,dataOptimal/,2017-10-30T00:00:00.000,2017-10-30T10:00:00Z,2017-11-30T10:00:00Z
EMSR253,AOI03,optimal,dataOptimal/,2017-10-30T00:00:00.000,2017-10-30T10:00:00Z,2017-11-30T10:00:00Z
EMSR253,AOI04,optimal,dataOptimal/,2017-10-30T00:00:00.000,2017-10-30T10:00:00Z,2017-11-30T10:00:00Z
EMSR253,AOI05,subOptimal_cloudy,dataSuboptimal/cloudy/,2017-10-30T00:00:00.000,2017-10-30T10:00:00Z,2017-11-30T10:00:00Z
EMSR253,AOI06,subOptimal_cloudy,dataSuboptimal/cloudy/,2017-10-30T00:00:00.000,2017-10-30T10:00:00Z,2017-11-30T10:00:00Z
EMSR254,AOI01,optimal,dataOptimal/,2017-11-06T00:00:00.000,2017-11-06T10:00:00Z,2017-12-06T10:00:00Z
EMSR254,AOI02,optimal,dataOptimal/,2017-11-06T00:00:00.000,2017-11-06T10:00:00Z,2017-12-06T10:00:00Z
EMSR254,AOI03,optimal,dataOptimal/,2017-11-06T00:00:00.000,2017-11-06T10:00:00Z,2017-12-06T10:00:00Z
EMSR254,AOI04,optimal,dataOptimal/,2017-11-06T00:00:00.000,2017-11-06T10:00:00Z,2017-12-06T10:00:00Z
EMSR259,AOI01,optimal,dataOptimal/,2017-12-05T00:00:00.000,2017-12-05T10:00:00Z,2018-01-05T10:00:00Z
EMSR278,AOI01,optimal,dataOptimal/,2018-04-12T00:00:00.000,2018-04-12T10:00:00Z,2018-07-01T10:00:00Z
EMSR281,AOI01,subOptimal_cloudy,dataSuboptimal/cloudy/,2017-04-30T00:00:00.000,2017-04-30T10:00:00Z,2017-07-30T10:00:00Z
EMSR281,AOI02,subOptimal_cloudy,dataSuboptimal/cloudy/,2017-04-30T00:00:00.000,2017-04-30T10:00:00Z,2017-07-30T10:00:00Z
EMSR281,AOI03,subOptimal_cloudy,dataSuboptimal/cloudy/,2017-04-30T00:00:00.000,2017-04-30T10:00:00Z,2017-07-30T10:00:00Z
EMSR288,AOI01,optimal,dataOptimal/,2018-06-02T00:00:00.000,2018-06-02T10:00:00Z,2018-07-02T10:00:00Z
EMSR290,AOI03,optimal,dataOptimal/,2018-06-09T00:00:00.000,2018-06-09T10:00:00Z,2018-07-10T10:00:00Z
EMSR291,AOI01,optimal,dataOptimal/,2018-07-11T00:00:00.000,2018-07-11T10:00:00Z,2018-08-11T10:00:00Z
EMSR291,AOI02,optimal,dataOptimal/,2018-07-11T00:00:00.000,2018-07-11T10:00:00Z,2018-08-11T10:00:00Z
EMSR295,AOI01,optimal,dataOptimal/,2018-07-05T00:00:00.000,2018-07-05T10:00:00Z,2018-08-05T10:00:00Z
EMSR299,AOI01,optimal,dataOptimal/,2018-07-27T00:00:00.000,2018-07-27T10:00:00Z,2018-08-27T10:00:00Z
EMSR300,AOI01,optimal,dataOptimal/,2018-07-30T00:00:00.000,2018-07-30T10:00:00Z,2018-08-30T10:00:00Z
EMSR300,AOI02,optimal,dataOptimal/,2018-07-25T00:00:00.000,2018-07-25T10:00:00Z,2018-08-25T10:00:00Z
EMSR302,AOI01,optimal,dataOptimal/,2018-08-05T00:00:00.000,2018-08-05T10:00:00Z,2018-09-05T10:00:00Z
EMSR303,AOI01,optimal,dataOptimal/,2018-08-10T00:00:00.000,2018-08-10T10:00:00Z,2018-09-10T10:00:00Z
EMSR305,AOI01,optimal,dataOptimal/,2018-08-11T00:00:00.000,2018-08-11T10:00:00Z,2018-09-11T10:00:00Z
EMSR306,AOI01,optimal,dataOptimal/,2018-08-15T00:00:00.000,2018-08-15T10:00:00Z,2018-09-15T10:00:00Z
EMSR307,AOI01,optimal,dataOptimal/,2018-08-29T00:00:00.000,2018-08-29T10:00:00Z,2018-09-30T10:00:00Z
EMSR315,AOI01,optimal,dataOptimal/,2018-09-21T10:00:00.000,2018-09-21T10:00:00Z,2018-10-29T10:00:00Z
EMSR316,AOI01,optimal,dataOptimal/,2018-09-28T10:00:00.000,2018-09-28T10:00:00Z,2018-10-29T10:00:00Z
EMSR331,AOI01,optimal,dataOptimal/,2018-10-29T10:00:00.000,2018-11-02T10:00:00Z,2018-12-15T10:00:00Z
EMSR344,AOI01,optimal,dataOptimal/,2019-02-27T10:00:00.000,2019-02-27T10:00:00Z,2019-03-27T10:00:00Z
EMSR353,AOI01,optimal,dataOptimal/,2019-04-22T10:00:00.000,2019-04-22T10:00:00Z,2019-05-22T10:00:00Z
EMSR360,AOI01,optimal,dataOptimal/,2019-05-15T16:00:00.000,2019-05-15T16:00:00Z,2019-06-14T16:00:00Z
EMSR362,AOI01,optimal,dataOptimal/,2019-06-01T15:30:00.000,2019-06-01T15:30:00Z,2019-07-01T15:30:00Z
EMSR363,AOI01,optimal,dataOptimal/,2019-06-09T02:00:00.000,2019-06-09T02:00:00Z,2019-07-03T02:00:00Z
EMSR365,AOI01,optimal,dataOptimal/,2019-06-26T12:30:00.000,2019-06-26T12:30:00Z,2019-07-26T12:30:00Z
EMSR366,AOI01,subOptimal_FEP,dataSuboptimal/FEP/,2019-06-30T18:30:00.000,2019-06-30T18:30:00Z,2019-07-30T18:30:00Z
EMSR367,AOI01,optimal,dataOptimal/,2019-06-28T18:00:00.000,2019-06-28T18:00:00Z,2019-07-28T18:00:00Z
EMSR368,AOI01,optimal,dataOptimal/,2019-06-28T11:30:00.000,2019-06-28T11:30:00Z,2019-07-28T11:30:00Z
EMSR369,AOI01,optimal,dataOptimal/,2019-07-04T11:30:00.000,2019-07-14T11:30:00Z,2019-08-23T11:30:00Z
EMSR369,AOI01,subOptimal_smoke,dataSuboptimal/smoke/,2019-07-04T11:30:00.000,2019-07-04T11:30:00Z,2019-08-03T11:30:00Z
EMSR369,AOI02,optimal,dataOptimal/,2019-07-04T11:30:00.000,2019-07-14T11:30:00Z,2019-08-23T11:30:00Z
EMSR369,AOI02,subOptimal_smoke,dataSuboptimal/smoke/,2019-07-04T11:30:00.000,2019-07-04T11:30:00Z,2019-08-03T11:30:00Z
EMSR369,AOI03,optimal,dataOptimal/,2019-07-04T11:30:00.000,2019-07-14T11:30:00Z,2019-08-23T11:30:00Z
EMSR369,AOI03,subOptimal_smoke,dataSuboptimal/smoke/,2019-07-04T11:30:00.000,2019-07-04T11:30:00Z,2019-08-03T11:30:00Z
EMSR370,AOI01,optimal,dataOptimal/,2019-07-13T06:30:00.000,2019-07-13T06:30:00Z,2019-08-12T06:30:00Z
EMSR371,AOI01,optimal,dataOptimal/,2019-07-13T08:00:00.000,2019-07-13T08:00:00Z,2019-08-12T08:00:00Z
EMSR372,AOI04,optimal,dataOptimal/,2019-07-20T22:00:00.000,2019-07-20T22:00:00Z,2019-08-19T22:00:00Z
EMSR373,AOI01,optimal,dataOptimal/,2019-07-23T13:00:00.000,2019-07-23T13:00:00Z,2019-08-22T13:00:00Z
EMSR374,AOI01,subOptimal_cloudyClean,dataSuboptimal/cloudyClean/,2019-08-02T18:00:00.000,2019-08-02T18:00:00Z,2019-09-15T18:00:00Z
EMSR375,AOI01,optimal,dataOptimal/,2019-08-04T15:00:00.000,2019-08-04T15:00:00Z,2019-09-03T15:00:00Z
EMSR377,AOI01,optimal,dataOptimal/,2019-08-06T07:00:00.000,2019-08-06T07:00:00Z,2019-09-05T07:00:00Z
EMSR378,AOI01,optimal,dataOptimal/,2019-08-12T17:00:00.000,2019-08-12T17:00:00Z,2019-10-01T17:00:00Z
EMSR379,AOI01,optimal,dataOptimal/,2019-08-10T13:30:00.000,2019-08-10T13:30:00Z,2019-09-09T13:30:00Z
EMSR380,AOI01,optimal,dataOptimal/,2019-08-13T03:30:00.000,2019-08-13T03:30:00Z,2019-09-12T03:30:00Z
EMSR381,AOI01,optimal,dataOptimal/,2019-08-12T23:00:00.000,2019-08-12T23:00:00Z,2019-09-11T23:00:00Z
EMSR382,AOI01,subOptimal_cloudyClean,dataSuboptimal/cloudyClean/,2019-08-24T00:00:00.000,2019-08-28T00:00:00Z,2019-10-30T00:00:00Z
EMSR383,AOI01,subOptimal_FEP,dataSuboptimal/FEP/,2019-08-01T10:00:00.000,2019-08-10T10:00:00Z,2019-09-21T10:00:00Z
EMSR383,AOI03,subOptimal_FEP,dataSuboptimal/FEP/,2019-08-01T10:00:00.000,2019-08-10T10:00:00Z,2019-09-21T10:00:00Z
EMSR383,AOI04,subOptimal_FEP,dataSuboptimal/FEP/,2019-08-01T10:00:00.000,2019-08-10T10:00:00Z,2019-09-21T10:00:00Z
EMSR386,AOI01,optimal,dataOptimal/,2019-09-05T11:30:00.000,2019-09-05T11:30:00Z,2019-10-05T11:30:00Z
EMSR387,AOI01,subOptimal_cloudy,dataSuboptimal/cloudy/,2019-08-23T08:00:00.000,2019-09-02T08:00:00Z,2019-10-22T08:00:00Z
EMSR387,AOI01,subOptimal_smoke,dataSuboptimal/smoke/,2019-08-23T08:00:00.000,2019-08-23T08:00:00Z,2019-09-22T08:00:00Z
EMSR387,AOI02,subOptimal_cloudy,dataSuboptimal/cloudy/,2019-08-23T08:00:00.000,2019-09-02T08:00:00Z,2019-10-22T08:00:00Z
EMSR387,AOI02,subOptimal_smoke,dataSuboptimal/smoke/,2019-08-23T08:00:00.000,2019-08-23T08:00:00Z,2019-09-22T08:00:00Z
EMSR389,AOI01,optimal,dataOptimal/,2019-09-14T16:00:00.000,2019-09-14T16:00:00Z,2019-10-14T16:00:00Z
EMSR390,AOI01,optimal,dataOptimal/,2019-09-15T12:30:00.000,2019-09-15T12:30:00Z,2019-11-04T12:30:00Z
EMSR394,AOI01,optimal,dataOptimal/,2019-09-20T08:00:00.000,2019-10-01T08:00:00Z,2019-10-13T08:00:00Z
EMSR396,AOI01,optimal,dataOptimal/,2019-10-15T01:00:00.000,2019-10-15T01:00:00Z,2019-11-14T01:00:00Z
EMSR396,AOI02,optimal,dataOptimal/,2019-10-16T01:00:00.000,2019-10-16T01:00:00Z,2019-11-14T01:00:00Z
EMSR396,AOI03,optimal,dataOptimal/,2019-10-22T01:00:00.000,2019-10-22T01:00:00Z,2019-11-22T01:00:00Z
EMSR401,AOI01,optimal,dataOptimal/,2019-10-22T15:00:00.000,2019-10-22T15:00:00Z,2019-11-21T15:00:00Z
EMSR401,AOI02,optimal,dataOptimal/,2019-10-22T15:00:00.000,2019-10-22T15:00:00Z,2019-11-21T15:00:00Z
EMSR403,AOI01,optimal,dataOptimal/,2019-11-01T00:00:00.000,2019-11-01T00:00:00Z,2019-12-01T00:00:00Z
EMSR403,AOI01,subOptimal_smoke,dataSuboptimal/smoke/,2019-10-27T00:00:00.000,2019-10-27T00:00:00Z,2019-11-26T00:00:00Z
EMSR408,AOI01,subOptimal_cloudy,dataSuboptimal/cloudy/,2019-11-06T00:00:00.000,2019-11-21T00:00:00Z,2020-01-10T00:00:00Z
EMSR408,AOI01,subOptimal_smoke,dataSuboptimal/smoke/,2019-11-06T00:00:00.000,2019-11-06T00:00:00Z,2019-12-06T00:00:00Z
EMSR408,AOI02,optimal,dataOptimal/,2019-11-06T00:00:00.000,2019-11-21T00:00:00Z,2020-01-10T00:00:00Z
EMSR408,AOI02,subOptimal_smoke,dataSuboptimal/smoke/,2019-11-06T00:00:00.000,2019-11-06T00:00:00Z,2019-12-06T00:00:00Z
EMSR408,AOI03,subOptimal_cloudy,dataSuboptimal/cloudy/,2019-11-06T00:00:00.000,2019-11-21T00:00:00Z,2020-01-10T00:00:00Z
EMSR408,AOI03,subOptimal_smoke,dataSuboptimal/smoke/,2019-11-06T00:00:00.000,2019-11-06T00:00:00Z,2019-12-06T00:00:00Z
EMSR408,AOI04,optimal,dataOptimal/,2019-11-06T00:00:00.000,2019-11-21T00:00:00Z,2020-01-10T00:00:00Z
EMSR408,AOI04,subOptimal_smoke,dataSuboptimal/smoke/,2019-11-06T00:00:00.000,2019-11-06T00:00:00Z,2019-12-06T00:00:00Z
EMSR408,AOI05,subOptimal_cloudy,dataSuboptimal/cloudy/,2019-11-06T00:00:00.000,2019-11-21T00:00:00Z,2020-01-10T00:00:00Z
EMSR408,AOI05,subOptimal_smoke,dataSuboptimal/smoke/,2019-11-06T00:00:00.000,2019-11-06T00:00:00Z,2019-12-06T00:00:00Z
EMSR408,AOI06,optimal,dataOptimal/,2019-11-06T00:00:00.000,2019-11-21T00:00:00Z,2020-01-10T00:00:00Z
EMSR408,AOI06,subOptimal_smoke,dataSuboptimal/smoke/,2019-11-06T00:00:00.000,2019-11-06T00:00:00Z,2019-12-06T00:00:00Z
EMSR408,AOI07,subOptimal_cloudy,dataSuboptimal/cloudy/,2019-11-06T00:00:00.000,2019-11-21T00:00:00Z,2020-01-10T00:00:00Z
EMSR408,AOI07,subOptimal_smoke,dataSuboptimal/smoke/,2019-11-06T00:00:00.000,2019-11-06T00:00:00Z,2019-12-06T00:00:00Z
EMSR408,AOI08,subOptimal_cloudy,dataSuboptimal/cloudy/,2019-11-06T00:00:00.000,2019-11-21T00:00:00Z,2020-01-10T00:00:00Z
EMSR408,AOI08,subOptimal_smoke,dataSuboptimal/smoke/,2019-11-06T00:00:00.000,2019-11-06T00:00:00Z,2019-12-06T00:00:00Z
EMSR408,AOI09,optimal,dataOptimal/,2019-11-06T00:00:00.000,2019-11-21T00:00:00Z,2020-01-10T00:00:00Z
EMSR408,AOI09,subOptimal_smoke,dataSuboptimal/smoke/,2019-11-06T00:00:00.000,2019-11-06T00:00:00Z,2019-12-06T00:00:00Z
EMSR408,AOI11,subOptimal_cloudy,dataSuboptimal/cloudy/,2019-11-06T00:00:00.000,2019-11-21T00:00:00Z,2020-01-10T00:00:00Z
EMSR408,AOI11,subOptimal_smoke,dataSuboptimal/smoke/,2019-11-06T00:00:00.000,2019-11-06T00:00:00Z,2019-12-06T00:00:00Z
EMSR408,AOI12,subOptimal_cloudy,dataSuboptimal/cloudy/,2019-11-06T00:00:00.000,2019-11-21T00:00:00Z,2020-01-10T00:00:00Z
EMSR408,AOI12,subOptimal_smoke,dataSuboptimal/smoke/,2019-11-06T00:00:00.000,2019-11-06T00:00:00Z,2019-12-06T00:00:00Z
EMSR408,AOI13,subOptimal_cloudy,dataSuboptimal/cloudy/,2019-11-06T00:00:00.000,2019-11-21T00:00:00Z,2020-01-10T00:00:00Z
EMSR408,AOI13,subOptimal_smoke,dataSuboptimal/smoke/,2019-11-06T00:00:00.000,2019-11-06T00:00:00Z,2019-12-06T00:00:00Z
EMSR408,AOI14,subOptimal_cloudy,dataSuboptimal/cloudy/,2019-11-06T00:00:00.000,2019-11-21T00:00:00Z,2020-01-10T00:00:00Z
EMSR408,AOI14,subOptimal_smoke,dataSuboptimal/smoke/,2019-11-06T00:00:00.000,2019-11-06T00:00:00Z,2019-12-06T00:00:00Z
EMSR426,AOI01,optimal,dataOptimal/,2020-02-08T07:00:00.000,2020-02-08T07:00:00Z,2020-03-09T07:00:00Z
EMSR426,AOI02,optimal,dataOptimal/,2020-02-08T07:00:00.000,2020-02-08T07:00:00Z,2020-03-29T07:00:00Z
EMSR428,AOI01,optimal,dataOptimal/,2020-02-26T18:30:00.000,2020-02-28T18:30:00Z,2020-03-23T18:30:00Z
EMSR430,AOI01,optimal,dataOptimal/,2020-02-23T17:30:00.000,2020-02-23T17:30:00Z,2020-03-24T17:30:00Z
EMSR435,AOI01,optimal,dataOptimal/,2020-05-01T00:00:00.000,2020-05-01T00:00:00Z,2020-06-15T00:00:00Z
EMSR435,AOI01,subOptimal_smoke,dataSuboptimal/smoke/,2020-04-11T00:00:00.000,2020-04-11T00:00:00Z,2020-05-11T00:00:00Z
EMSR436,AOI01,subOptimal_cloudyClean,dataSuboptimal/cloudyClean/,2020-04-28T16:00:00.000,2020-04-28T16:00:00Z,2020-06-05T16:00:00Z
EMSR440,AOI01,optimal,dataOptimal/,2020-05-29T00:00:00.000,2020-05-29T00:00:00Z,2020-07-18T00:00:00Z
EMSR443,AOI01,optimal,dataOptimal/,2020-06-19T13:00:00.000,2020-06-19T13:00:00Z,2020-07-19T13:00:00Z
EMSR447,AOI01,optimal,dataOptimal/,2020-07-22T13:00:00.000,2020-07-22T13:00:00Z,2020-08-21T13:00:00Z
EMSR448,AOI01,optimal,dataOptimal/,2020-07-25T15:30:00.000,2020-07-25T15:30:00Z,2020-08-24T15:30:00Z
EMSR449,AOI01,optimal,dataOptimal/,2020-07-30T12:00:00.000,2020-07-30T12:00:00Z,2020-08-29T12:00:00Z
EMSR453,AOI01,optimal,dataOptimal/,2020-08-01T12:00:00.000,2020-08-01T12:00:00Z,2020-08-31T12:00:00Z
EMSR455,AOI01,optimal,dataOptimal/,2020-08-22T16:00:00.000,2020-08-22T16:00:00Z,2020-09-21T16:00:00Z
EMSR457,AOI01,optimal,dataOptimal/,2020-08-31T14:30:00.000,2020-08-31T14:30:00Z,2020-09-26T14:30:00Z
EMSR458,AOI01,optimal,dataOptimal/,2020-08-27T18:30:00.000,2020-08-27T18:30:00Z,2020-09-26T18:30:00Z
EMSR462,AOI01,optimal,dataOptimal/,2020-09-07T12:00:00.000,2020-09-07T12:00:00Z,2020-10-27T12:00:00Z
EMSR463,AOI01,subOptimal_FEP,dataSuboptimal/FEP/,2020-09-13T14:00:00.000,2020-09-13T14:00:00Z,2020-10-13T14:00:00Z
EMSR500,AOI01,optimal,dataOptimal/,2021-02-05T00:00:00.000,2021-02-05T00:00:00Z,2021-03-07T00:00:00Z
EMSR505,AOI01,optimal,dataOptimal/,2021-03-22T00:00:00.000,2021-03-22T00:00:00Z,2021-04-21T00:00:00Z
EMSR506,AOI01,optimal,dataOptimal/,2021-03-24T22:30:00.000,2021-03-24T22:30:00Z,2021-05-13T22:30:00Z
EMSR508,AOI01,subOptimal_cloudy,dataSuboptimal/cloudy/,2021-04-13T08:00:00.000,2021-04-18T08:00:00Z,2021-06-30T08:00:00Z
EMSR510,AOI01,optimal,dataOptimal/,2021-05-19T23:00:00.000,2021-05-19T23:00:00Z,2021-06-18T23:00:00Z
EMSR512,AOI01,optimal,dataOptimal/,2021-05-24T10:00:00.000,2021-05-28T10:00:00Z,2021-06-20T10:00:00Z
EMSR512,AOI01,subOptimal_smoke,dataSuboptimal/smoke/,2021-05-20T10:00:00.000,2021-05-20T10:00:00Z,2021-06-19T10:00:00Z
EMSR515,AOI01,optimal,dataOptimal/,2021-07-03T12:00:00.000,2021-07-03T12:00:00Z,2021-08-02T12:00:00Z
EMSR516,AOI01,optimal,dataOptimal/,2021-07-03T11:30:00.000,2021-07-03T11:30:00Z,2021-08-02T11:30:00Z
EMSR521,AOI01,optimal,dataOptimal/,2021-07-15T14:00:00.000,2021-07-15T14:00:00Z,2021-08-14T14:00:00Z
EMSR522,AOI01,optimal,dataOptimal/,2021-07-24T14:00:00.000,2021-07-24T14:00:00Z,2021-08-23T14:00:00Z
EMSR523,AOI02,optimal,dataOptimal/,2021-07-24T10:00:00.000,2021-07-24T10:00:00Z,2021-08-23T10:00:00Z
EMSR523,AOI05,optimal,dataOptimal/,2021-07-24T10:00:00.000,2021-07-24T10:00:00Z,2021-08-23T10:00:00Z
EMSR523,AOI07,optimal,dataOptimal/,2021-07-24T10:00:00.000,2021-07-24T10:00:00Z,2021-08-23T10:00:00Z
EMSR523,AOI08,optimal,dataOptimal/,2021-07-24T10:00:00.000,2021-07-24T10:00:00Z,2021-08-23T10:00:00Z
EMSR523,AOI09,optimal,dataOptimal/,2021-07-24T10:00:00.000,2021-07-24T10:00:00Z,2021-08-23T10:00:00Z
EMSR524,AOI01,subOptimal_FEP,dataSuboptimal/FEP/,2021-07-26T06:30:00.000,2021-08-10T06:30:00Z,2021-09-29T06:30:00Z
EMSR525,AOI01,optimal,dataOptimal/,2021-07-31T13:00:00.000,2021-07-31T13:00:00Z,2021-08-30T13:00:00Z
EMSR526,AOI01,optimal,dataOptimal/,2021-08-01T16:00:00.000,2021-08-01T16:00:00Z,2021-08-31T16:00:00Z
EMSR527,AOI01,optimal,dataOptimal/,2021-08-03T13:30:00.000,2021-08-03T13:30:00Z,2021-10-02T13:30:00Z
EMSR527,AOI02,optimal,dataOptimal/,2021-08-03T13:30:00.000,2021-08-03T13:30:00Z,2021-09-02T13:30:00Z
EMSR528,AOI01,optimal,dataOptimal/,2021-08-04T10:00:00.000,2021-08-04T10:00:00Z,2021-09-03T10:00:00Z
EMSR529,AOI01,optimal,dataOptimal/,2021-08-05T14:00:00.000,2021-08-05T14:00:00Z,2021-10-04T14:00:00Z
EMSR529,AOI02,optimal,dataOptimal/,2021-08-05T14:00:00.000,2021-08-05T14:00:00Z,2021-09-04T14:00:00Z
EMSR529,AOI03,optimal,dataOptimal/,2021-08-05T14:00:00.000,2021-08-05T14:00:00Z,2021-09-04T14:00:00Z
EMSR529,AOI04,optimal,dataOptimal/,2021-08-05T14:00:00.000,2021-08-05T14:00:00Z,2021-10-04T14:00:00Z
EMSR529,AOI05,optimal,dataOptimal/,2021-08-05T14:00:00.000,2021-08-05T14:00:00Z,2021-09-04T14:00:00Z
EMSR530,AOI01,optimal,dataOptimal/,2021-08-05T12:30:00.000,2021-08-05T12:30:00Z,2021-09-04T12:30:00Z
EMSR531,AOI01,optimal,dataOptimal/,2021-08-03T13:30:00.000,2021-08-03T13:30:00Z,2021-09-02T13:30:00Z
EMSR532,AOI01,optimal,dataOptimal/,2021-08-04T17:00:00.000,2021-08-04T17:00:00Z,2021-09-03T17:00:00Z
EMSR533,AOI01,optimal,dataOptimal/,2021-08-11T10:00:00.000,2021-08-11T10:00:00Z,2021-09-10T10:00:00Z
EMSR533,AOI02,optimal,dataOptimal/,2021-08-11T10:00:00.000,2021-08-11T10:00:00Z,2021-09-10T10:00:00Z
EMSR534,AOI01,optimal,dataOptimal/,2021-08-08T10:00:00.000,2021-08-15T10:00:00Z,2021-10-15T10:00:00Z
EMSR534,AOI01,subOptimal_smoke,dataSuboptimal/smoke/,2021-08-08T10:00:00.000,2021-08-08T10:00:00Z,2021-09-07T10:00:00Z
EMSR535,AOI02,optimal,dataOptimal/,2021-08-10T00:00:00.000,2021-08-10T00:00:00Z,2021-09-09T00:00:00Z
EMSR535,AOI04,optimal,dataOptimal/,2021-08-10T00:00:00.000,2021-08-10T00:00:00Z,2021-09-09T00:00:00Z
EMSR535,AOI05,optimal,dataOptimal/,2021-08-16T00:00:00.000,2021-08-16T00:00:00Z,2021-10-05T00:00:00Z
EMSR537,AOI01,optimal,dataOptimal/,2021-08-21T20:00:00.000,2021-08-23T20:00:00Z,2021-10-15T20:00:00Z
EMSR538,AOI01,optimal,dataOptimal/,2021-08-14T09:00:00.000,2021-08-14T09:00:00Z,2021-10-03T09:00:00Z
EMSR539,AOI01,optimal,dataOptimal/,2021-08-14T23:00:00.000,2021-08-14T23:00:00Z,2021-09-13T23:00:00Z
EMSR540,AOI01,optimal,dataOptimal/,2021-08-16T09:30:00.000,2021-08-16T09:30:00Z,2021-09-15T09:30:00Z
EMSR541,AOI01,optimal,dataOptimal/,2021-08-16T19:00:00.000,2021-08-21T19:00:00Z,2021-09-15T19:00:00Z
EMSR541,AOI01,subOptimal_smoke,dataSuboptimal/smoke/,2021-08-16T19:00:00.000,2021-08-16T19:00:00Z,2021-09-15T19:00:00Z
EMSR542,AOI01,optimal,dataOptimal/,2021-08-16T07:30:00.000,2021-08-16T07:30:00Z,2021-09-15T07:30:00Z
EMSR543,AOI01,optimal,dataOptimal/,2021-08-17T20:00:00.000,2021-08-17T20:00:00Z,2021-09-16T20:00:00Z
EMSR545,AOI01,optimal,dataOptimal/,2021-09-08T22:30:00.000,2021-09-13T22:30:00Z,2021-10-08T22:30:00Z
EMSR545,AOI01,subOptimal_smoke,dataSuboptimal/smoke/,2021-09-08T22:30:00.000,2021-09-08T22:30:00Z,2021-10-08T22:30:00Z
EMSR547,AOI01,optimal,dataOptimal/,2021-09-23T13:00:00.000,2021-09-23T13:00:00Z,2021-10-23T13:00:00Z
EMSR549,AOI01,subOptimal_FEP,dataSuboptimal/FEP/,2021-10-25T00:00:00.000,2021-10-25T00:00:00Z,2021-11-24T00:00:00Z
EMSR560,AOI01,optimal,dataOptimal/,2022-01-21T15:00:00.000,2022-01-21T15:00:00Z,2022-02-20T15:00:00Z
EMSR571,AOI01,optimal,dataOptimal/,2022-03-25T20:00:00.000,2022-04-04T20:00:00Z,2022-05-14T20:00:00Z
EMSR571,AOI01,subOptimal_smoke,dataSuboptimal/smoke/,2022-03-25T20:00:00.000,2022-03-25T20:00:00Z,2022-04-24T20:00:00Z
EMSR571,AOI02,optimal,dataOptimal/,2022-04-10T20:00:00.000,2022-04-15T20:00:00Z,2022-05-15T20:00:00Z
EMSR571,AOI02,subOptimal_smoke,dataSuboptimal/smoke/,2022-03-25T20:00:00.000,2022-03-25T20:00:00Z,2022-04-24T20:00:00Z
EMSR573,AOI01,optimal,dataOptimal/,2022-05-12T10:30:00.000,2022-05-12T10:30:00Z,2022-06-11T10:30:00Z
EMSR576,AOI01,optimal,dataOptimal/,2022-06-04T13:00:00.000,2022-06-04T13:00:00Z,2022-07-04T13:00:00Z
EMSR578,AOI01,optimal,dataOptimal/,2022-06-16T13:00:00.000,2022-06-21T13:00:00Z,2022-07-16T13:00:00Z
EMSR578,AOI01,subOptimal_smoke,dataSuboptimal/smoke/,2022-06-16T13:00:00.000,2022-06-16T13:00:00Z,2022-07-16T13:00:00Z
EMSR578,AOI02,optimal,dataOptimal/,2022-06-16T13:00:00.000,2022-06-21T13:00:00Z,2022-07-16T13:00:00Z
EMSR578,AOI02,subOptimal_smoke,dataSuboptimal/smoke/,2022-06-16T13:00:00.000,2022-06-16T13:00:00Z,2022-07-16T13:00:00Z
EMSR579,AOI01,optimal,dataOptimal/,2022-06-16T00:00:00.000,2022-06-16T00:00:00Z,2022-07-16T00:00:00Z
EMSR579,AOI02,optimal,dataOptimal/,2022-06-16T00:00:00.000,2022-06-16T00:00:00Z,2022-07-16T00:00:00Z
EMSR579,AOI04,optimal,dataOptimal/,2022-06-16T00:00:00.000,2022-06-16T00:00:00Z,2022-07-16T00:00:00Z
EMSR579,AOI05,optimal,dataOptimal/,2022-06-16T00:00:00.000,2022-06-16T00:00:00Z,2022-07-16T00:00:00Z
EMSR579,AOI06,optimal,dataOptimal/,2022-06-16T00:00:00.000,2022-06-16T00:00:00Z,2022-07-16T00:00:00Z
EMSR579,AOI07,optimal,dataOptimal/,2022-06-16T00:00:00.000,2022-06-16T00:00:00Z,2022-07-16T00:00:00Z
EMSR579,AOI08,optimal,dataOptimal/,2022-06-16T00:00:00.000,2022-06-16T00:00:00Z,2022-07-16T00:00:00Z
EMSR580,AOI01,optimal,dataOptimal/,2022-06-15T22:00:00.000,2022-06-15T22:00:00Z,2022-07-15T22:00:00Z
EMSR581,AOI01,optimal,dataOptimal/,2022-06-16T15:00:00.000,2022-06-16T15:00:00Z,2022-07-16T15:00:00Z
EMSR582,AOI01,optimal,dataOptimal/,2022-06-22T00:00:00.000,2022-06-22T00:00:00Z,2022-10-30T00:00:00Z
EMSR582,AOI02,optimal,dataOptimal/,2022-06-18T00:00:00.000,2022-06-18T00:00:00Z,2022-07-18T00:00:00Z
EMSR583,AOI01,optimal,dataOptimal/,2022-06-20T15:00:00.000,2022-06-20T15:00:00Z,2022-07-20T15:00:00Z
EMSR587,AOI01,optimal,dataOptimal/,2022-07-03T13:00:00.000,2022-07-03T13:00:00Z,2022-08-02T13:00:00Z
EMSR588,AOI01,optimal,dataOptimal/,2022-07-04T10:00:00.000,2022-07-04T10:00:00Z,2022-08-03T10:00:00Z
EMSR589,AOI01,optimal,dataOptimal/,2022-07-07T17:00:00.000,2022-07-07T17:00:00Z,2022-08-06T17:00:00Z
EMSR590,AOI01,optimal,dataOptimal/,2022-07-11T16:00:00.000,2022-07-11T16:00:00Z,2022-08-10T16:00:00Z
EMSR591,AOI01,optimal,dataOptimal/,2022-07-13T10:00:00.000,2022-07-13T10:00:00Z,2022-08-12T10:00:00Z
EMSR592,AOI01,optimal,dataOptimal/,2022-07-12T14:00:00.000,2022-07-12T14:00:00Z,2022-08-11T14:00:00Z
EMSR592,AOI02,optimal,dataOptimal/,2022-07-12T14:00:00.000,2022-07-12T14:00:00Z,2022-08-11T14:00:00Z
EMSR593,AOI01,optimal,dataOptimal/,2022-07-15T14:00:00.000,2022-07-15T14:00:00Z,2022-08-14T14:00:00Z
EMSR594,AOI01,optimal,dataOptimal/,2022-07-16T09:00:00.000,2022-07-16T09:00:00Z,2022-08-15T09:00:00Z
EMSR596,AOI01,optimal,dataOptimal/,2022-07-17T17:00:00.000,2022-07-17T17:00:00Z,2022-08-16T17:00:00Z
EMSR597,AOI01,optimal,dataOptimal/,2022-07-18T12:30:00.000,2022-07-18T12:30:00Z,2022-08-17T12:30:00Z
EMSR598,AOI01,optimal,dataOptimal/,2022-07-20T02:30:00.000,2022-07-20T02:30:00Z,2022-08-19T02:30:00Z
EMSR599,AOI01,optimal,dataOptimal/,2022-07-14T19:00:00.000,2022-07-14T19:00:00Z,2022-08-13T19:00:00Z
EMSR599,AOI02,optimal,dataOptimal/,2022-07-14T19:00:00.000,2022-07-14T19:00:00Z,2022-08-13T19:00:00Z
EMSR600,AOI01,optimal,dataOptimal/,2022-07-18T12:00:00.000,2022-07-18T12:00:00Z,2022-09-16T12:00:00Z
EMSR601,AOI01,optimal,dataOptimal/,2022-07-19T09:00:00.000,2022-07-19T09:00:00Z,2022-08-18T09:00:00Z
EMSR603,AOI01,optimal,dataOptimal/,2022-07-15T12:00:00.000,2022-07-15T12:00:00Z,2022-08-14T12:00:00Z
EMSR606,AOI01,optimal,dataOptimal/,2022-07-21T00:00:00.000,2022-07-21T00:00:00Z,2022-08-20T00:00:00Z
EMSR607,AOI01,optimal,dataOptimal/,2022-07-23T07:00:00.000,2022-07-23T07:00:00Z,2022-08-22T07:00:00Z
EMSR608,AOI01,optimal,dataOptimal/,2022-07-24T12:30:00.000,2022-07-24T12:30:00Z,2022-08-23T12:30:00Z
EMSR609,AOI01,optimal,dataOptimal/,2022-07-25T13:30:00.000,2022-07-25T13:30:00Z,2022-08-24T13:30:00Z
EMSR610,AOI01,optimal,dataOptimal/,2022-08-11T00:00:00.000,2022-08-11T00:00:00Z,2022-09-30T00:00:00Z
EMSR611,AOI01,optimal,dataOptimal/,2022-07-25T00:00:00.000,2022-07-25T00:00:00Z,2022-08-24T00:00:00Z
EMSR613,AOI01,subOptimal_cloudyClean,dataSuboptimal/cloudyClean/,2022-07-28T10:30:00.000,2022-07-28T10:30:00Z,2022-10-15T10:30:00Z
EMSR614,AOI01,optimal,dataOptimal/,2022-07-27T17:30:00.000,2022-07-27T17:30:00Z,2022-08-26T17:30:00Z
EMSR619,AOI01,optimal,dataOptimal/,2022-08-09T00:00:00.000,2022-08-09T00:00:00Z,2022-10-08T00:00:00Z
EMSR620,AOI01,optimal,dataOptimal/,2022-08-07T00:00:00.000,2022-08-07T00:00:00Z,2022-10-06T00:00:00Z
EMSR623,AOI01,optimal,dataOptimal/,2022-08-13T13:30:00.000,2022-08-13T13:30:00Z,2022-09-12T13:30:00Z
EMSR624,AOI01,optimal,dataOptimal/,2022-08-10T10:00:00.000,2022-08-10T10:00:00Z,2022-09-09T10:00:00Z
EMSR625,AOI01,optimal,dataOptimal/,2022-08-13T19:30:00.000,2022-08-13T19:30:00Z,2022-10-12T19:30:00Z
EMSR625,AOI02,optimal,dataOptimal/,2022-08-13T19:30:00.000,2022-08-13T19:30:00Z,2022-10-12T19:30:00Z
EMSR626,AOI01,subOptimal_cloudyClean,dataSuboptimal/cloudyClean/,2022-08-19T15:00:00.000,2022-08-22T15:00:00Z,2022-10-22T15:00:00Z
EMSR627,AOI01,optimal,dataOptimal/,2022-08-18T09:30:00.000,2022-08-18T09:30:00Z,2022-10-17T09:30:00Z
EMSR628,AOI01,optimal,dataOptimal/,2022-08-21T07:30:00.000,2022-08-31T07:30:00Z,2022-10-20T07:30:00Z
EMSR628,AOI01,subOptimal_smoke,dataSuboptimal/smoke/,2022-08-21T07:30:00.000,2022-08-21T07:30:00Z,2022-09-20T07:30:00Z
EMSR632,AOI01,optimal,dataOptimal/,2022-09-08T00:00:00.000,2022-09-13T00:00:00Z,2022-10-08T00:00:00Z
EMSR632,AOI01,subOptimal_smoke,dataSuboptimal/smoke/,2022-09-08T00:00:00.000,2022-09-08T00:00:00Z,2022-10-08T00:00:00Z
EMSR633,AOI01,optimal,dataOptimal/,2022-09-12T00:00:00.000,2022-09-12T00:00:00Z,2022-10-12T00:00:00Z
EMSR638,AOI01,optimal,dataOptimal/,2022-10-22T10:30:00.000,2022-11-11T10:30:00Z,2022-12-28T10:30:00Z
EMSR638,AOI01,subOptimal_smoke,dataSuboptimal/smoke/,2022-10-22T10:30:00.000,2022-10-22T10:30:00Z,2022-11-21T10:30:00Z
